subject,site,condition_type,dark,stimulus,duration,eda_tonic_mean,eda_tonic_std,eda_tonic_max,eda_tonic_min,eda_tonic_median,eda_phasic_mean,eda_phasic_std,eda_phasic_max,eda_phasic_min,eda_phasic_median,eda_phasic_auc,eda_scr,scr_peaks_rate,scr_recovery_rate,aware,bothered,granted,ddp_familiar,ddp_bothered,was_fixated,fixated_ratio,age,is_male,eng_speaking_freq,eng_understanding_freq,eng_proficiency,dark_first,hotel_first
1,hotels,dark_cookies,1,cookies,7.5050,154.6514,0.4139,155.5705,154.2463,154.4905,-0.3928,0.9898,1.2535,-1.7184,-0.6294,0.2880,1,0.1332,0.0000,1,55.81,1,1.0000,74.4750,1,0.3409,27,0,3,4,4,1,1
1,hotels,dark_geolocation,1,geolocation,4.9249,156.7387,0.2106,156.9387,156.2462,156.8243,0.9391,0.8622,1.6983,-1.3214,1.2625,1.0687,0,0.2030,0.0000,0,13.91,1,1.0000,74.4750,1,0.8412,27,0,3,4,4,1,1
1,hotels,dark_notification,1,notification,9.0130,156.0724,0.1518,156.4161,155.9155,156.0182,-0.2722,0.2746,0.1617,-0.7522,-0.2334,0.0133,0,0.0000,0.0000,0,20.48,1,1.0000,57.9250,1,0.7708,27,0,3,4,4,1,1
1,hotels,dark_travelProtection,1,travelProtection,8.2190,130.4425,1.4374,132.8818,128.0212,130.4229,0.0436,1.0660,1.7783,-1.4828,0.2053,0.4994,0,0.1217,0.1217,0,45.6,0,1.0000,72.4800,1,0.8461,27,0,3,4,4,1,1
1,hotels,dark_newsletter,1,newsletter,10.1410,129.7225,2.1747,132.6285,126.0765,129.9503,0.2233,2.7912,5.3914,-5.8636,0.9221,1.2865,1,0.1972,0.2958,0,25.65,1,1.0000,91.1400,1,0.3669,27,0,3,4,4,1,1
1,flights,fair_cookies,0,cookies,4.6879,129.8880,0.3633,130.5011,129.2671,129.8855,-1.1676,3.5979,2.5785,-9.7672,-0.0138,0.6872,1,0.2133,0.2133,0,23.88,0,1.0000,74.4750,1,0.7502,27,0,3,4,4,1,1
1,flights,fair_geolocation,0,geolocation,4.5010,128.4987,0.4980,129.2668,127.5576,128.5448,1.6412,1.0223,3.4457,-1.1394,1.6245,1.6734,1,0.4443,0.4443,0,24.47,0,1.0000,74.4750,0,0.0000,27,0,3,4,4,1,1
1,flights,fair_notification,0,notification,10.8358,122.4403,0.8550,123.5819,120.7585,122.5920,0.2477,0.2800,0.7260,-0.1720,0.2046,0.2660,0,0.0000,0.0000,0,21.3,0,1.0000,57.9250,1,0.2074,27,0,3,4,4,1,1
1,flights,fair_travelProtection,0,travelProtection,2.1310,108.9119,0.2973,109.4087,108.3852,108.9195,1.0127,0.9796,1.5564,-3.6352,1.2897,1.1779,0,0.4693,0.4693,0,16.96,0,1.0000,72.4800,1,0.8822,27,0,3,4,4,1,1
1,flights,fair_newsletter,0,newsletter,13.7920,104.9008,0.5580,106.3151,104.2590,104.7779,-0.3571,1.5838,2.6557,-4.2238,0.0124,0.3991,1,0.0725,0.0725,0,27.88,1,1.0000,91.1400,1,0.3461,27,0,3,4,4,1,1
2,flights,fair_cookies,0,cookies,3.1419,223.6465,0.0374,223.6877,223.5586,223.6573,-2.1422,1.4563,0.5654,-4.1658,-2.2367,0.0264,0,0.0000,0.0000,1,100.0,0,1.0000,84.1250,1,0.7670,16,1,4,4,4,0,0
2,flights,fair_geolocation,0,geolocation,7.5270,221.3737,1.6444,223.5579,218.2240,221.6264,1.0170,2.5133,5.7242,-1.4971,-0.1551,1.5498,0,0.1329,0.1329,1,100.0,0,1.0000,84.1250,0,0.0000,16,1,4,4,4,0,0
2,flights,fair_notification,0,notification,15.0000,212.1669,0.8976,213.2854,210.1610,212.2942,0.0178,2.4837,5.6744,-4.0941,-0.3694,0.9188,1,0.0667,0.0667,1,56.51,0,1.0000,70.5700,1,0.1773,16,1,4,4,4,0,0
2,flights,fair_travelProtection,0,travelProtection,5.6509,185.3601,0.1993,185.5425,184.8578,185.4457,1.0767,1.9142,3.6986,-1.6669,1.0496,1.4673,1,0.1770,0.1770,1,49.82,0,1.0000,100.0000,1,0.5883,16,1,4,4,4,0,0
2,flights,fair_newsletter,0,newsletter,15.0000,191.1587,2.8340,196.6560,186.7547,190.6485,0.2453,2.6398,5.4787,-4.2456,-0.1367,1.2232,1,0.0667,0.0667,1,53.58,1,1.0000,68.2500,1,0.2380,16,1,4,4,4,0,0
2,hotels,dark_cookies,1,cookies,3.4188,207.2836,0.5391,208.2044,206.3813,207.2776,-1.9454,0.7129,0.0820,-3.3504,-2.1366,0.0002,0,0.0000,0.0000,1,59.1,1,1.0000,84.1250,1,0.6789,16,1,4,4,4,0,0
2,hotels,dark_geolocation,1,geolocation,2.7059,208.7177,0.1281,208.8330,208.3830,208.7766,2.8617,1.1306,4.8889,1.3128,2.9208,2.8607,0,0.0000,0.3696,1,99.24,0,1.0000,84.1250,1,0.5323,16,1,4,4,4,0,0
2,hotels,dark_notification,1,notification,2.1418,198.4064,0.2332,198.8462,198.0445,198.3870,1.0443,0.5394,1.6421,-0.0121,1.1643,1.0441,0,0.4669,0.4669,1,96.77,0,1.0000,70.5700,1,0.7351,16,1,4,4,4,0,0
2,hotels,dark_travelProtection,1,travelProtection,3.1260,212.5370,0.1948,212.7098,212.0280,212.6304,6.1936,1.5826,7.9711,2.8642,6.5997,6.1924,0,0.3199,0.0000,1,78.7,0,1.0000,100.0000,1,0.6264,16,1,4,4,4,0,0
2,hotels,dark_newsletter,1,newsletter,15.0000,215.0464,2.6098,220.0195,211.0812,215.0002,-0.2014,2.7287,4.4605,-5.2469,-0.0909,1.0734,1,0.1333,0.1333,1,49.59,1,1.0000,68.2500,1,0.2750,16,1,4,4,4,0,0
3,hotels,fair_cookies,0,cookies,3.1659,317.7120,1.2613,320.3730,316.0700,317.4536,-7.5683,1.4993,-6.1999,-11.6780,-6.9660,0.0000,0,0.0000,0.0000,0,9.8,0,1.0000,100.0000,1,0.6361,19,0,4,4,3,0,1
3,hotels,fair_geolocation,0,geolocation,7.5100,328.8504,3.9764,332.9363,320.3893,330.5536,6.2904,22.0068,38.7012,-23.3470,9.8744,13.6366,1,0.1332,0.1332,1,100.0,0,1.0000,100.0000,0,0.0000,19,0,4,4,3,0,1
3,hotels,fair_notification,0,notification,2.8600,328.5298,5.9000,338.5237,318.3158,328.5876,2.3593,16.0972,17.9331,-25.5458,11.5258,8.6949,1,0.3497,0.0000,0,20.95,0,1.0000,100.0000,1,0.5661,19,0,4,4,3,0,1
3,hotels,fair_travelProtection,0,travelProtection,9.8240,299.4031,3.2576,304.5683,294.6597,299.4863,2.2300,5.6635,12.5722,-5.5400,0.3607,3.4930,1,0.1018,0.1018,0,24.0,0,1.0000,100.0000,1,0.8883,19,0,4,4,3,0,1
3,hotels,fair_newsletter,0,newsletter,4.9399,297.1382,0.5206,298.3045,296.3783,297.0497,0.8839,4.2440,6.3060,-6.5593,1.4070,2.3446,1,0.2024,0.2024,0,20.13,0,1.0000,100.0000,1,0.5467,19,0,4,4,3,0,1
3,flights,dark_cookies,1,cookies,4.3419,376.7661,3.5172,382.0107,370.1827,377.0937,-3.2996,3.0191,4.9895,-6.4045,-4.2548,0.3654,0,0.0000,0.2303,1,100.0,1,1.0000,100.0000,1,0.6459,19,0,4,4,3,0,1
3,flights,dark_geolocation,1,geolocation,1.3166,357.6175,1.1725,359.6585,355.6016,357.6112,-0.4534,0.3104,0.0607,-1.0255,-0.4711,0.0027,0,0.0000,0.0000,1,49.71,0,1.0000,100.0000,1,0.2395,19,0,4,4,3,0,1
3,flights,dark_notification,1,notification,3.3839,341.6827,3.9691,348.5683,334.9867,341.6415,3.9647,8.5418,12.8763,-14.5589,6.6843,6.2518,0,0.2955,0.0000,1,100.0,0,1.0000,100.0000,1,0.6079,19,0,4,4,3,0,1
3,flights,dark_travelProtection,1,travelProtection,9.2340,308.0776,2.7846,310.9697,301.9020,309.1946,4.2688,9.8401,23.1335,-4.5265,-1.2447,6.0006,0,0.1083,0.1083,1,100.0,0,1.0000,100.0000,1,0.7753,19,0,4,4,3,0,1
3,flights,dark_newsletter,1,newsletter,15.0000,282.8045,5.1581,291.1616,274.9400,282.6968,0.9663,1.9710,3.9415,-2.6667,1.3346,1.4534,1,0.0667,0.0667,1,100.0,1,1.0000,100.0000,1,0.3854,19,0,4,4,3,0,1
4,flights,dark_cookies,1,cookies,15.0000,350.0501,7.0959,359.3973,334.2280,350.6514,1.8049,13.3297,25.8138,-21.5236,4.5552,6.5047,1,0.1333,0.1333,1,100.0,1,1.0000,100.0000,1,0.9421,26,1,4,2,5,1,0
4,flights,dark_geolocation,1,geolocation,5.0999,401.6725,9.6306,418.4048,385.7063,401.4457,-8.9524,3.7635,2.2672,-12.1222,-10.7052,0.0453,0,0.0000,0.0000,1,100.0,0,1.0000,100.0000,1,0.8237,26,1,4,2,5,1,0
4,flights,dark_notification,1,notification,10.5500,332.6298,5.1170,338.3243,318.9843,333.8959,5.6865,13.1706,31.9801,-11.5065,0.9351,7.9976,1,0.0948,0.0948,1,100.0,0,1.0000,100.0000,1,0.5823,26,1,4,2,5,1,0
4,flights,dark_travelProtection,1,travelProtection,5.1470,327.5222,1.7799,331.6259,325.5970,326.9533,-7.1915,4.6270,2.0457,-14.3547,-5.7518,0.0565,0,0.0000,0.0000,1,100.0,0,1.0000,100.0000,1,0.9031,26,1,4,2,5,1,0
4,flights,dark_newsletter,1,newsletter,15.0000,342.8294,12.0304,366.6043,330.9987,336.9943,0.2073,16.5612,28.1211,-25.1008,-1.4679,6.7161,1,0.0667,0.0000,1,36.8,1,1.0000,100.0000,1,0.4199,26,1,4,2,5,1,0
4,hotels,fair_cookies,0,cookies,3.0479,357.2244,3.2864,363.2024,351.8376,357.0757,-1.7765,0.1602,-1.1868,-2.1387,-1.8182,0.0000,0,0.0000,0.0000,1,38.32,0,1.0000,100.0000,1,0.7725,26,1,4,2,5,1,0
4,hotels,fair_geolocation,0,geolocation,9.9190,341.5886,4.5353,351.8156,336.9329,340.1481,-0.6515,4.5152,7.8894,-9.6564,-2.1855,1.6385,1,0.1008,0.2016,1,73.42,0,1.0000,100.0000,0,0.0000,26,1,4,2,5,1,0
4,hotels,fair_notification,0,notification,15.0000,425.3413,33.7739,460.1227,354.1748,440.0229,5.5572,19.3253,35.5220,-31.6383,7.5083,11.4829,1,0.1333,0.1333,0,33.74,0,1.0000,100.0000,1,0.1833,26,1,4,2,5,1,0
4,hotels,fair_travelProtection,0,travelProtection,2.4680,379.0087,2.7596,383.9658,374.5357,378.8823,-23.6878,5.0322,-8.3929,-29.4146,-24.6090,0.0000,0,0.0000,0.0000,0,24.94,0,1.0000,100.0000,1,0.8914,26,1,4,2,5,1,0
4,hotels,fair_newsletter,0,newsletter,15.0000,357.9417,17.4927,388.6467,333.9119,356.3114,-1.9106,4.7046,4.1470,-14.7854,-0.6705,0.7061,1,0.0667,0.0000,0,35.39,1,1.0000,100.0000,1,0.5145,26,1,4,2,5,1,0
5,hotels,dark_cookies,1,cookies,12.4120,294.4430,4.8027,301.1171,287.2015,294.2605,1.3634,7.9821,22.0414,-7.8499,-0.7127,3.4035,1,0.1611,0.0806,1,70.6,1,1.0000,70.3050,1,0.7757,25,0,1,4,3,1,1
5,hotels,dark_geolocation,1,geolocation,4.9409,320.9717,1.1609,323.2700,319.1398,320.8570,0.8354,3.1283,5.6867,-4.0913,-0.0698,1.7802,0,0.2024,0.2024,0,56.16,0,1.0000,70.3050,1,0.6178,25,0,1,4,3,1,1
5,hotels,dark_notification,1,notification,4.6829,357.0887,0.8549,357.8334,354.9482,357.4929,8.6998,11.3156,27.3194,-7.6977,7.5709,9.9951,0,0.2135,0.2135,0,53.35,0,1.0000,49.5300,1,0.4520,25,0,1,4,3,1,1
5,hotels,dark_travelProtection,1,travelProtection,7.5288,414.1059,2.3637,418.0081,410.2277,413.9010,-5.2699,9.1926,11.1074,-19.1623,-4.2269,1.7280,0,0.0000,0.1328,0,36.8,0,1.0000,62.3800,1,0.3850,25,0,1,4,3,1,1
5,hotels,dark_newsletter,1,newsletter,15.0000,399.6218,3.1709,407.0350,395.9721,398.8270,-1.4584,7.2536,20.0619,-10.5555,-3.9896,2.2390,1,0.0667,0.0667,1,84.92,1,1.0000,80.1100,1,0.4546,25,0,1,4,3,1,1
5,flights,fair_cookies,0,cookies,4.3019,388.3419,0.9156,389.9285,386.7633,388.3408,-0.1343,1.0173,1.4944,-1.8878,0.0954,0.3483,0,0.0000,0.0000,0,42.9,0,1.0000,70.3050,1,0.7483,25,0,1,4,3,1,1
5,flights,fair_geolocation,0,geolocation,2.8920,385.7364,0.5870,386.7605,384.7239,385.7329,-1.5111,1.2870,0.7467,-2.8814,-2.3048,0.0970,0,0.0000,0.0000,0,12.85,0,1.0000,70.3050,0,0.0000,25,0,1,4,3,1,1
5,flights,fair_notification,0,notification,15.0000,341.6900,3.9184,346.6775,333.4348,342.2195,0.2555,11.4001,26.9445,-19.5523,-1.9871,4.2958,1,0.0667,0.0667,0,32.34,0,1.0000,49.5300,1,0.1323,25,0,1,4,3,1,1
5,flights,fair_travelProtection,0,travelProtection,2.5594,291.8521,0.9201,293.2486,290.0538,291.9531,2.6678,2.4345,8.2958,-0.7708,2.3636,2.7301,0,0.0000,0.3907,0,43.96,0,1.0000,62.3800,1,0.1861,25,0,1,4,3,1,1
5,flights,fair_newsletter,0,newsletter,3.8990,297.3602,0.4371,297.9110,296.4484,297.4594,3.6241,4.5697,9.1996,-8.0107,4.3631,4.2868,0,0.2565,0.2565,0,26.58,0,1.0000,80.1100,1,0.6040,25,0,1,4,3,1,1
6,flights,fair_cookies,0,cookies,2.8250,368.7397,0.3496,369.5113,368.3024,368.6559,-0.0544,0.8433,2.3375,-1.3977,-0.3067,0.3015,0,0.0000,0.0000,0,100.0,0,0.0000,51.6450,1,0.7115,28,1,1,1,1,0,0
6,flights,fair_geolocation,0,geolocation,15.0000,380.3343,5.5163,385.7383,369.5188,383.2555,-0.0618,6.0251,8.4359,-11.4211,0.5064,2.6065,1,0.0667,0.0667,1,62.73,0,0.0000,51.6450,0,0.0000,28,1,1,1,1,0,0
6,flights,fair_notification,0,notification,15.0000,496.0125,9.0894,508.4561,480.5724,496.4592,0.5507,5.5468,11.9796,-8.2199,0.4161,2.6178,1,0.1333,0.0667,1,59.21,0,0.0000,52.7000,1,0.2693,28,1,1,1,1,0,0
6,flights,fair_travelProtection,0,travelProtection,9.4118,381.7896,3.1931,389.5773,378.5229,380.6935,1.2364,3.0709,4.9884,-4.8078,0.4650,2.0245,0,0.1062,0.1062,1,68.37,0,0.0000,57.5700,1,0.6748,28,1,1,1,1,0,0
6,flights,fair_newsletter,0,newsletter,3.7600,461.0562,1.3902,463.0145,458.4076,461.2229,-5.5986,1.3531,-3.0268,-8.0277,-5.0137,0.0000,0,0.0000,0.0000,1,100.0,0,0.0000,44.6600,1,0.9244,28,1,1,1,1,0,0
6,hotels,dark_cookies,1,cookies,9.4070,523.8724,2.2591,529.1199,520.1655,523.3882,-0.3023,7.0982,13.9796,-7.8139,-3.4347,2.9604,1,0.1063,0.1063,1,100.0,1,0.0000,51.6450,1,0.9047,28,1,1,1,1,0,0
6,hotels,dark_geolocation,1,geolocation,2.9589,515.4052,1.1974,517.4953,513.3789,515.3893,-0.0588,0.8098,0.9749,-1.9275,0.1233,0.3029,0,0.0000,0.0000,1,100.0,0,0.0000,51.6450,1,0.8459,28,1,1,1,1,0,0
6,hotels,dark_notification,1,notification,2.9308,675.8285,2.6735,679.9893,670.9802,675.9956,-12.7226,5.9014,-1.6588,-22.7520,-13.4983,0.0000,0,0.0000,0.3412,1,100.0,0,0.0000,52.7000,1,0.7403,28,1,1,1,1,0,0
6,hotels,dark_travelProtection,1,travelProtection,7.8090,512.0476,4.1407,519.3203,505.4664,511.8966,-0.1993,2.7240,3.8808,-5.6670,-1.1043,1.0886,0,0.1281,0.1281,1,100.0,0,0.0000,57.5700,1,0.8701,28,1,1,1,1,0,0
6,hotels,dark_newsletter,1,newsletter,15.0000,507.1551,3.3013,515.1836,502.5963,507.1423,-1.5508,6.5493,10.8003,-14.1099,-2.5922,2.0649,1,0.0667,0.0667,1,100.0,1,0.0000,44.6600,1,0.5288,28,1,1,1,1,0,0
7,hotels,fair_cookies,0,cookies,3.4009,226.0794,0.0955,226.3466,225.9796,226.0507,-0.9941,0.7121,-0.1166,-2.8328,-0.8161,0.0000,0,0.2940,0.0000,0,42.08,1,0.5000,50.2900,1,0.7662,19,0,2,4,3,0,1
7,hotels,fair_geolocation,0,geolocation,6.1768,230.1949,1.4785,232.3322,227.5402,230.3313,0.7962,2.2736,4.0578,-3.1705,1.2455,1.4688,1,0.1619,0.0000,0,0.0,0,0.5000,50.2900,1,0.0833,19,0,2,4,3,0,1
7,hotels,fair_notification,0,notification,14.7220,221.0690,4.8050,229.0682,212.6298,221.1606,-0.0984,0.7778,1.2194,-1.4169,-0.2029,0.2973,1,0.1359,0.1359,0,0.0,0,0.5000,52.9900,0,0.0000,19,0,2,4,3,0,1
7,hotels,fair_travelProtection,0,travelProtection,14.2140,248.4517,6.5389,258.6703,237.8751,248.4470,-1.5637,3.0260,2.5966,-10.3211,-0.7894,0.2382,1,0.0704,0.0000,0,0.0,0,0.5000,45.7700,1,0.7776,19,0,2,4,3,0,1
7,hotels,fair_newsletter,0,newsletter,2.8530,226.1124,1.0915,227.9641,224.1656,226.1358,-0.6804,4.7702,5.5784,-7.5541,-0.5675,1.8464,1,0.3505,0.0000,0,0.0,0,1.0000,81.1600,1,0.8826,19,0,2,4,3,0,1
7,flights,dark_cookies,1,cookies,1.7168,192.7081,0.8580,194.1926,191.2249,192.7077,-0.2833,0.2336,0.1034,-0.5631,-0.3217,0.0102,0,0.0000,0.0000,0,0.0,1,0.5000,50.2900,1,0.7584,19,0,2,4,3,0,1
7,flights,dark_geolocation,1,geolocation,7.0939,182.5259,2.7600,187.6429,178.0395,182.3531,-0.5681,0.8042,0.9998,-2.1709,-0.3260,0.0698,0,0.0000,0.0000,0,0.0,1,0.5000,50.2900,1,0.8352,19,0,2,4,3,0,1
7,flights,dark_notification,1,notification,7.3539,156.5867,2.3609,161.4949,153.7391,156.0524,-1.3922,1.0189,-0.1099,-3.2649,-1.0947,0.0000,0,0.0000,0.0000,0,0.0,1,0.5000,52.9900,1,0.8580,19,0,2,4,3,0,1
7,flights,dark_travelProtection,1,travelProtection,8.5550,234.9494,0.7523,235.7851,233.0910,235.1450,1.5897,3.9142,9.4441,-3.9451,0.1620,2.2963,1,0.1169,0.1169,0,3.58,0,0.5000,45.7700,1,0.8639,19,0,2,4,3,0,1
7,flights,dark_newsletter,1,newsletter,14.2400,232.1014,2.8325,236.8502,227.7717,232.1532,-0.4217,3.8225,9.0920,-4.7956,-1.6649,1.4217,1,0.1404,0.1404,1,18.6,1,1.0000,81.1600,1,0.3254,19,0,2,4,3,0,1
8,flights,dark_cookies,1,cookies,15.0000,51.2851,0.3681,52.2542,50.9002,51.1717,-0.0722,0.2447,0.3191,-0.7882,-0.0367,0.0522,0,0.0000,0.0000,1,86.68,1,1.0000,98.5350,1,0.4109,27,0,2,4,4,1,0
8,flights,dark_geolocation,1,geolocation,10.2330,57.9869,0.1762,58.3543,57.5947,57.9880,0.0751,0.3060,0.6018,-0.3741,0.0394,0.1696,0,0.0000,0.0000,1,98.18,1,1.0000,98.5350,1,0.8403,27,0,2,4,4,1,0
8,flights,dark_notification,1,notification,5.2479,57.8916,0.2287,58.3478,57.4873,57.8800,-0.0213,1.2734,1.1245,-3.4391,0.3965,0.4612,0,0.0000,0.0000,1,93.25,0,1.0000,68.4850,1,0.7652,27,0,2,4,4,1,0
8,flights,dark_travelProtection,1,travelProtection,4.5180,50.9905,0.0410,51.0428,50.9005,50.9993,-0.1029,0.4967,0.6848,-0.7721,-0.2534,0.1814,1,0.2213,0.2213,0,20.01,0,1.0000,99.1800,1,0.8415,27,0,2,4,4,1,0
8,flights,dark_newsletter,1,newsletter,15.0000,48.7475,1.3216,50.8495,47.1529,48.5841,-0.0379,0.8023,1.2963,-1.3679,0.0842,0.3455,1,0.0667,0.0667,1,91.14,1,1.0000,97.8300,1,0.5279,27,0,2,4,4,1,0
8,hotels,fair_cookies,0,cookies,7.3389,50.1805,0.1836,50.4428,49.7433,50.2384,0.7391,0.9309,1.9297,-1.7377,1.0027,0.9089,1,0.1363,0.1363,1,62.03,1,1.0000,98.5350,1,0.5406,27,0,2,4,4,1,0
8,hotels,fair_geolocation,0,geolocation,2.9740,49.4914,0.1285,49.7424,49.3208,49.4711,-0.5597,1.5444,1.3345,-2.5072,-0.1973,0.4524,0,0.0000,0.0000,1,67.9,0,1.0000,98.5350,0,0.0000,27,0,2,4,4,1,0
8,hotels,fair_notification,0,notification,15.0000,49.7757,1.6798,51.3966,46.2900,50.5840,0.0349,1.2546,2.4324,-2.6958,-0.0353,0.5326,1,0.0667,0.0667,0,43.13,0,1.0000,68.4850,0,0.0000,27,0,2,4,4,1,0
8,hotels,fair_travelProtection,0,travelProtection,1.9099,30.4609,0.0133,30.4818,30.4361,30.4619,0.0146,0.0649,0.1890,-0.0486,-0.0070,0.0318,0,0.0000,0.0000,0,41.96,0,1.0000,99.1800,1,0.8554,27,0,2,4,4,1,0
8,hotels,fair_newsletter,0,newsletter,5.8680,30.2200,0.1339,30.4078,29.9615,30.2403,0.3259,0.2306,0.7664,-0.3082,0.3297,0.3329,0,0.1704,0.1704,0,41.26,0,1.0000,97.8300,1,0.8393,27,0,2,4,4,1,0
9,hotels,dark_cookies,1,cookies,3.0629,37.6201,0.0505,37.6937,37.5125,37.6289,0.5114,0.5866,0.9574,-0.6951,0.8389,0.6272,0,0.0000,0.0000,1,69.19,1,1.0000,64.2050,1,0.7994,28,0,4,4,4,1,1
9,hotels,dark_geolocation,1,geolocation,6.3569,38.6368,0.2631,39.0299,38.1385,38.6678,0.3412,0.3225,0.9125,-0.2338,0.2716,0.3608,0,0.1573,0.0000,1,60.27,1,1.0000,64.2050,1,0.8319,28,0,4,4,4,1,1
9,hotels,dark_notification,1,notification,2.3347,39.3664,0.0098,39.3848,39.3508,39.3657,0.0960,0.0576,0.1548,-0.0195,0.1167,0.0967,0,0.0000,0.0000,0,38.2,0,0.5000,48.0050,1,0.5437,28,0,4,4,4,1,1
9,hotels,dark_travelProtection,1,travelProtection,3.6834,40.6164,0.2828,40.9684,40.0087,40.6806,0.2290,0.2467,0.6839,-0.2144,0.2375,0.2424,0,0.0000,0.0000,0,36.68,0,1.0000,74.1200,1,0.3572,28,0,4,4,4,1,1
9,hotels,dark_newsletter,1,newsletter,9.4598,50.1094,1.0676,52.7873,49.1779,49.5218,-1.0061,3.3192,2.9065,-5.1856,0.1244,1.0838,1,0.2114,0.1057,0,55.81,1,1.0000,61.8000,1,0.4405,28,0,4,4,4,1,1
9,flights,fair_cookies,0,cookies,1.5598,52.6892,0.2536,53.1241,52.2491,52.6905,2.6775,0.4851,3.4465,1.8940,2.6227,2.6762,0,0.0000,0.0000,0,19.31,0,1.0000,64.2050,1,0.7482,28,0,4,4,4,1,1
9,flights,fair_geolocation,0,geolocation,2.4150,51.6447,0.3196,52.2474,51.1628,51.6140,-1.8177,3.4730,3.4640,-4.9646,-4.0062,0.9220,1,0.4141,0.4141,0,24.47,0,1.0000,64.2050,0,0.0000,28,0,4,4,4,1,1
9,flights,fair_notification,0,notification,4.8537,57.7098,0.0364,57.7500,57.6266,57.7204,-0.3880,0.3304,0.2867,-0.7520,-0.4958,0.0355,0,0.0000,0.0000,1,65.08,0,0.5000,48.0050,1,0.4725,28,0,4,4,4,1,1
9,flights,fair_travelProtection,0,travelProtection,1.7200,50.7576,0.1944,51.0496,50.3817,50.7787,1.3350,0.0257,1.4171,1.3089,1.3246,1.3342,0,0.0000,0.0000,0,39.85,0,1.0000,74.1200,1,0.8837,28,0,4,4,4,1,1
9,flights,fair_newsletter,0,newsletter,7.2979,58.7919,2.6701,64.1845,55.2733,58.2534,-3.5871,1.9613,2.3511,-6.0830,-3.6702,0.0474,0,0.0000,0.0000,0,29.52,1,1.0000,61.8000,1,0.3580,28,0,4,4,4,1,1
10,flights,fair_cookies,0,cookies,8.2530,267.8493,0.4064,268.2215,266.8126,268.0614,-0.1707,3.1424,5.6509,-4.1381,-0.9491,1.2629,1,0.1212,0.1212,0,61.33,0,1.0000,100.0000,1,0.7771,39,1,1,4,3,0,0
10,flights,fair_geolocation,0,geolocation,15.0000,265.3957,0.3110,266.4314,265.0934,265.3102,-0.2350,3.6149,8.4447,-6.5656,-0.5926,1.3059,1,0.1333,0.1333,0,0.0,0,1.0000,100.0000,1,0.0441,39,1,1,4,3,0,0
10,flights,fair_notification,0,notification,3.5649,251.1858,0.8971,252.6656,249.6465,251.2001,-0.6587,2.5945,5.3738,-4.5242,-0.4711,0.7193,0,0.0000,0.0000,0,0.0,0,0.5000,100.0000,1,0.3923,39,1,1,4,3,0,0
10,flights,fair_travelProtection,0,travelProtection,6.3430,278.9538,2.1420,281.7513,274.8013,279.3105,2.5625,4.6021,8.9457,-7.7277,3.3168,3.5103,1,0.3153,0.1577,0,0.0,0,1.0000,100.0000,1,0.7722,39,1,1,4,3,0,0
10,flights,fair_newsletter,0,newsletter,5.1140,277.3072,0.2148,277.8931,277.1099,277.2230,-1.4278,1.3931,0.3339,-4.2318,-1.1895,0.0450,0,0.0000,0.0000,0,0.0,0,1.0000,100.0000,1,0.6722,39,1,1,4,3,0,0
10,hotels,dark_cookies,1,cookies,15.0000,302.5138,3.0907,305.1808,292.5815,303.6363,2.2579,6.3152,14.4612,-6.4829,0.9408,3.8091,1,0.1333,0.1333,1,100.0,1,1.0000,100.0000,1,0.7739,39,1,1,4,3,0,0
10,hotels,dark_geolocation,1,geolocation,3.1147,299.7450,0.5739,300.7561,298.7699,299.7341,-3.7645,2.3501,-0.4919,-6.8284,-3.8350,0.0000,0,0.0000,0.0000,1,74.35,0,1.0000,100.0000,1,0.4929,39,1,1,4,3,0,0
10,hotels,dark_notification,1,notification,3.3178,302.4575,0.6392,303.5514,301.4066,302.4483,2.6144,7.1763,11.7195,-5.9597,2.1898,4.7166,1,0.3014,0.0000,1,58.86,0,0.5000,100.0000,1,0.7685,39,1,1,4,3,0,0
10,hotels,dark_travelProtection,1,travelProtection,5.5120,327.7903,1.4234,329.8532,324.9655,328.0117,2.8426,5.5750,11.4655,-6.0387,1.5458,3.9460,0,0.1814,0.1814,1,63.56,0,1.0000,100.0000,1,0.6745,39,1,1,4,3,0,0
10,hotels,dark_newsletter,1,newsletter,15.0000,327.0410,1.6866,330.5916,325.2555,326.3620,-0.0395,2.6463,6.7163,-2.7269,-1.4011,1.0967,1,0.1333,0.1333,1,100.0,1,1.0000,100.0000,1,0.2241,39,1,1,4,3,0,0
11,hotels,fair_cookies,0,cookies,2.5739,129.6760,0.6290,130.7192,128.5771,129.6913,4.9404,1.8781,7.1663,-0.0932,5.5140,4.9404,0,0.3885,0.0000,0,12.15,0,1.0000,100.0000,1,0.8208,33,0,1,3,3,0,1
11,hotels,fair_geolocation,0,geolocation,15.0000,127.7401,3.4152,131.7825,123.0243,128.2890,-0.0288,4.1509,7.9428,-7.7689,1.8518,1.8213,1,0.2000,0.2000,0,15.67,0,1.0000,100.0000,0,0.0000,33,0,1,3,3,0,1
11,hotels,fair_notification,0,notification,6.5250,136.2488,1.0633,138.3728,135.0993,135.9596,-2.4553,3.8931,4.5041,-8.4885,-4.1454,0.8087,1,0.1533,0.1533,0,29.17,0,1.0000,98.2700,1,0.4332,33,0,1,3,3,0,1
11,hotels,fair_travelProtection,0,travelProtection,4.0869,168.1532,1.0100,169.3486,165.9104,168.4234,4.4161,3.2510,7.5539,-2.3205,5.9815,4.6773,0,0.2447,0.2447,0,21.3,0,1.0000,100.0000,1,0.6790,33,0,1,3,3,0,1
11,hotels,fair_newsletter,0,newsletter,5.0380,166.8319,0.1821,167.2344,166.6290,166.7895,0.9753,3.0969,5.5467,-5.0302,1.8999,1.9385,1,0.1985,0.1985,0,0.0,0,1.0000,100.0000,1,0.4905,33,0,1,3,3,0,1
11,flights,dark_cookies,1,cookies,15.0000,178.5683,0.8052,179.6701,177.4365,178.5273,-0.1946,4.3737,5.8744,-10.7904,0.7431,1.8076,1,0.2000,0.2000,1,100.0,1,1.0000,100.0000,1,0.5512,33,0,1,3,3,0,1
11,flights,dark_geolocation,1,geolocation,5.5259,172.2351,1.0778,173.9698,170.1579,172.3424,2.2324,4.1827,7.1181,-6.0673,3.9315,3.2662,0,0.1810,0.1810,1,100.0,0,1.0000,100.0000,1,0.6596,33,0,1,3,3,0,1
11,flights,dark_notification,1,notification,9.9390,164.7954,0.4668,165.2010,163.5167,164.9906,1.0638,1.4295,3.0690,-3.3294,1.2699,1.2800,1,0.2012,0.2012,1,100.0,0,1.0000,98.2700,1,0.5405,33,0,1,3,3,0,1
11,flights,dark_travelProtection,1,travelProtection,4.5559,156.5223,0.3102,157.1693,156.0366,156.4779,-1.4844,2.2428,1.8583,-5.3785,-1.7197,0.4343,1,0.2195,0.2195,1,72.12,0,1.0000,100.0000,1,0.8399,33,0,1,3,3,0,1
11,flights,dark_newsletter,1,newsletter,15.0000,159.4541,0.3439,160.0208,159.0489,159.3695,0.0598,1.2945,1.9964,-3.3189,0.2713,0.5205,1,0.1333,0.1333,0,0.0,1,1.0000,100.0000,1,0.2941,33,0,1,3,3,0,1
12,flights,dark_cookies,1,cookies,11.3130,179.7945,5.4555,187.8309,169.4107,180.6361,0.6531,3.2039,4.9118,-5.8730,1.0636,1.7547,1,0.0884,0.0884,1,99.35,1,1.0000,66.2600,1,0.8346,24,0,2,4,4,1,0
12,flights,dark_geolocation,1,geolocation,4.8538,195.7351,1.5377,198.0067,192.7256,195.9354,3.6248,3.7025,8.8080,-2.1213,3.8092,3.9295,0,0.2060,0.2060,0,54.05,0,1.0000,66.2600,1,0.3449,24,0,2,4,4,1,0
12,flights,dark_notification,1,notification,2.5609,207.8461,2.0743,211.3284,204.2055,207.8875,6.2222,5.6768,11.0333,-7.5348,9.2240,6.9765,0,0.3905,0.0000,1,78.7,0,1.0000,52.3500,1,0.7658,24,0,2,4,4,1,0
12,flights,dark_travelProtection,1,travelProtection,3.4770,277.6226,0.3164,278.1191,277.0281,277.6486,2.6773,1.3919,5.7862,1.5479,1.7513,2.6763,0,0.0000,0.0000,1,30.58,0,0.5000,58.5100,1,0.8657,24,0,2,4,4,1,0
12,flights,dark_newsletter,1,newsletter,15.0000,284.0323,2.3783,287.7169,277.7159,285.0590,0.3184,5.8072,12.7752,-9.0956,-0.0047,2.4038,1,0.0667,0.0667,1,99.71,1,1.0000,98.4200,1,0.2543,24,0,2,4,4,1,0
12,hotels,fair_cookies,0,cookies,3.4309,269.8698,0.4118,270.6996,269.3077,269.8018,-1.3893,2.1189,2.0701,-4.8744,-1.5017,0.3707,0,0.0000,0.2915,0,27.41,0,1.0000,66.2600,1,0.4813,24,0,2,4,4,1,0
12,hotels,fair_geolocation,0,geolocation,2.8490,269.2570,0.0241,269.3071,269.2282,269.2518,-1.7572,2.9154,1.8498,-5.8672,-0.0529,0.4506,0,0.0000,0.0000,0,2.41,0,1.0000,66.2600,0,0.0000,24,0,2,4,4,1,0
12,hotels,fair_notification,0,notification,2.5379,282.6953,3.2640,288.4823,277.2940,282.5957,-13.9227,3.2854,-4.8495,-18.0569,-14.2606,0.0000,0,0.0000,0.0000,0,31.28,0,1.0000,52.3500,1,0.8042,24,0,2,4,4,1,0
12,hotels,fair_travelProtection,0,travelProtection,3.5820,194.5151,0.0391,194.5529,194.4159,194.5300,1.2626,0.6745,2.3238,-0.7926,1.2765,1.2888,1,0.2792,0.0000,0,21.77,0,0.5000,58.5100,1,0.8921,24,0,2,4,4,1,0
12,hotels,fair_newsletter,0,newsletter,2.5800,194.5098,0.2180,194.9400,194.1995,194.4789,-3.8600,0.6680,-2.6242,-4.7521,-3.9113,0.0000,0,0.0000,0.0000,0,17.19,0,1.0000,98.4200,1,0.8647,24,0,2,4,4,1,0
13,hotels,dark_cookies,1,cookies,15.0000,159.6101,7.4622,174.6800,151.7889,157.3681,-0.2961,2.9149,7.1780,-4.1961,-1.2051,1.0258,1,0.1333,0.0667,1,76.7,1,1.0000,81.1600,1,0.5751,29,1,3,4,3,1,1
13,hotels,dark_geolocation,1,geolocation,15.0000,179.2674,5.0858,187.1099,171.5023,178.9746,-0.3203,1.9201,7.5729,-2.7958,-0.7287,0.5891,1,0.0667,0.0667,0,31.28,1,1.0000,81.1600,1,0.5015,29,1,3,4,3,1,1
13,hotels,dark_notification,1,notification,15.0000,201.9750,2.4480,204.0632,195.8797,203.2587,0.1170,3.8771,7.5251,-11.1846,0.0925,1.4659,1,0.1333,0.1333,0,41.26,1,1.0000,72.3000,1,0.3658,29,1,3,4,3,1,1
13,hotels,dark_travelProtection,1,travelProtection,15.0000,173.1670,2.9681,182.0127,171.0702,171.5679,-1.7906,3.4694,2.1013,-8.5756,-0.2043,0.5363,0,0.0000,0.0667,1,64.73,0,1.0000,77.1700,1,0.6628,29,1,3,4,3,1,1
13,hotels,dark_newsletter,1,newsletter,11.8520,166.0502,3.9310,176.7568,162.2803,164.6950,-2.6933,4.1870,9.1077,-8.7036,-3.2892,0.8275,1,0.0844,0.1687,0,34.1,1,1.0000,87.8500,1,0.3660,29,1,3,4,3,1,1
13,flights,fair_cookies,0,cookies,1.8019,185.5759,0.9838,187.3799,184.0085,185.5165,-3.5890,4.0590,2.4523,-10.3047,-2.9970,0.3259,0,0.0000,0.0000,0,33.63,0,1.0000,81.1600,1,0.8485,29,1,3,4,3,1,1
13,flights,fair_geolocation,0,geolocation,6.1687,193.9027,0.8002,194.8639,192.2318,194.0717,6.7584,12.2271,22.4761,-11.1217,9.7675,9.6848,1,0.1621,0.1621,0,38.56,0,1.0000,81.1600,1,0.0829,29,1,3,4,3,1,1
13,flights,fair_notification,0,notification,15.0000,267.0999,3.0999,271.3719,262.9710,267.2900,-0.2624,5.3483,12.1503,-7.2320,-1.2021,2.1085,1,0.1333,0.1333,1,71.77,0,1.0000,72.3000,1,0.0952,29,1,3,4,3,1,1
13,flights,fair_travelProtection,0,travelProtection,15.0000,227.5923,3.5430,231.1137,217.4478,228.5926,0.3329,5.8690,12.5111,-11.2285,0.1028,2.2777,1,0.0667,0.1333,0,31.63,0,1.0000,77.1700,1,0.7188,29,1,3,4,3,1,1
13,flights,fair_newsletter,0,newsletter,15.0000,221.6762,3.7046,226.0361,216.6660,222.3463,-1.0721,9.3412,13.6377,-21.5503,-4.8542,3.6812,1,0.1333,0.1333,1,61.44,0,1.0000,87.8500,1,0.5089,29,1,3,4,3,1,1
14,flights,fair_cookies,0,cookies,1.4968,283.4449,0.7468,284.7701,282.1837,283.4289,3.8856,8.1728,19.0144,-5.2187,1.2564,5.5534,0,0.0000,0.0000,0,36.68,0,1.0000,100.0000,1,0.7653,27,1,3,4,4,0,0
14,flights,fair_geolocation,0,geolocation,3.1939,279.6458,0.9818,281.6276,278.3155,279.4767,-7.1485,11.0840,22.2781,-16.3978,-10.9550,2.6349,0,0.0000,0.3131,0,0.0,0,1.0000,100.0000,1,0.0613,27,1,3,4,4,0,0
14,flights,fair_notification,0,notification,8.7040,298.8552,1.3637,300.7741,295.1625,299.4356,5.1659,10.1750,23.9488,-21.1873,3.1487,6.8958,1,0.2298,0.1149,0,27.99,0,1.0000,83.0100,1,0.3755,27,1,3,4,4,0,0
14,flights,fair_travelProtection,0,travelProtection,8.9620,340.7415,5.5062,346.9956,330.4392,342.0886,0.3992,18.1073,33.7442,-28.1198,0.2178,7.4508,1,0.1116,0.2232,0,64.61,1,1.0000,100.0000,1,0.8524,27,1,3,4,4,0,0
14,flights,fair_newsletter,0,newsletter,15.0000,348.6446,4.2537,360.4482,343.6588,346.7675,-1.5757,18.4659,35.6271,-35.6880,-1.3478,6.7105,1,0.2000,0.2667,0,39.14,1,1.0000,100.0000,1,0.6608,27,1,3,4,4,0,0
14,hotels,dark_cookies,1,cookies,15.0000,331.4730,3.5198,335.8854,325.5046,331.9737,1.7202,10.9555,31.2674,-18.3377,0.4252,4.4753,1,0.1333,0.0667,1,100.0,1,1.0000,100.0000,1,0.9105,27,1,3,4,4,0,0
14,hotels,dark_geolocation,1,geolocation,3.7779,333.1406,1.7410,336.0657,330.1003,333.1837,11.2090,9.5983,22.3795,-4.1602,15.1373,11.8779,1,0.2647,0.0000,1,66.26,0,1.0000,100.0000,1,0.7976,27,1,3,4,4,0,0
14,hotels,dark_notification,1,notification,5.4359,347.5606,2.7058,351.4684,342.3848,347.8582,-2.8168,3.0846,3.8441,-7.9898,-2.9130,0.3019,0,0.0000,0.0000,0,36.8,0,1.0000,83.0100,1,0.8006,27,1,3,4,4,0,0
14,hotels,dark_travelProtection,1,travelProtection,11.3730,371.2767,5.1965,379.2765,363.5646,371.2045,-0.5911,3.3199,6.6130,-8.7341,0.2569,0.9088,1,0.0879,0.1759,0,67.08,1,1.0000,100.0000,1,0.7938,27,1,3,4,4,0,0
14,hotels,dark_newsletter,1,newsletter,15.0000,394.2295,19.3829,426.0464,371.1325,390.8515,-1.6163,18.4820,28.6753,-37.1248,-0.3492,6.6357,1,0.1333,0.0667,1,100.0,1,1.0000,100.0000,1,0.5053,27,1,3,4,4,0,0
15,hotels,fair_cookies,0,cookies,8.2960,141.1993,0.1628,141.4617,141.0114,141.1596,0.0005,1.1646,1.4968,-2.1122,0.3826,0.5242,0,0.0000,0.0000,0,15.08,0,1.0000,100.0000,1,0.8809,25,1,2,3,4,0,1
15,hotels,fair_geolocation,0,geolocation,6.8678,139.3379,1.3050,141.2075,137.0169,139.4749,0.4523,3.4158,3.1008,-5.9658,2.2571,1.7836,0,0.0000,0.0000,0,0.0,0,1.0000,100.0000,1,0.0170,25,1,2,3,4,0,1
15,hotels,fair_notification,0,notification,15.0000,129.0342,1.3506,130.5103,126.5960,129.3463,0.1345,1.1447,2.9018,-2.1883,-0.3106,0.5032,0,0.0000,0.0667,0,8.63,0,0.5000,100.0000,1,0.1894,25,1,2,3,4,0,1
15,hotels,fair_travelProtection,0,travelProtection,8.9140,165.0896,1.6454,169.0099,163.5517,164.3453,-1.1030,2.8660,3.2157,-5.8344,-0.6651,0.7182,1,0.1122,0.1122,0,0.0,0,1.0000,93.4000,1,0.9233,25,1,2,3,4,0,1
15,hotels,fair_newsletter,0,newsletter,14.8780,170.0540,1.2150,173.3663,169.0597,169.4153,-0.2267,1.2798,1.7165,-2.4061,-0.0851,0.4475,0,0.0000,0.0000,0,20.13,0,1.0000,100.0000,1,0.8402,25,1,2,3,4,0,1
15,flights,dark_cookies,1,cookies,15.0000,232.2623,11.9620,248.2155,211.3912,233.8908,-0.1343,4.5857,8.5589,-7.6579,-0.2921,1.9410,1,0.0667,0.0667,1,100.0,1,1.0000,100.0000,1,0.6814,25,1,2,3,4,0,1
15,flights,dark_geolocation,1,geolocation,3.8589,236.5776,2.0950,240.2188,233.1200,236.5390,7.7453,3.2740,15.4869,4.7560,6.1917,7.7433,1,0.2591,0.0000,1,83.63,0,1.0000,100.0000,1,0.7605,25,1,2,3,4,0,1
15,flights,dark_notification,1,notification,8.8719,236.1232,1.5965,239.3110,234.5036,235.3937,-2.2680,6.4523,16.2851,-8.1487,-3.8661,1.8490,1,0.1127,0.0000,1,100.0,0,0.5000,100.0000,1,0.8635,25,1,2,3,4,0,1
15,flights,dark_travelProtection,1,travelProtection,10.9920,255.9580,2.7022,258.3644,247.9870,256.9534,1.4288,3.4762,8.9577,-3.3488,0.4134,2.1758,1,0.0910,0.0910,1,100.0,0,1.0000,93.4000,1,0.7656,25,1,2,3,4,0,1
15,flights,dark_newsletter,1,newsletter,15.0000,237.7619,7.5293,249.5534,227.5729,237.9307,-1.5322,12.9964,11.6729,-34.2588,1.9222,3.3082,1,0.0667,0.0667,1,100.0,1,1.0000,100.0000,1,0.6407,25,1,2,3,4,0,1
16,flights,dark_cookies,1,cookies,2.7949,327.5333,1.6572,330.6818,324.9954,327.3777,-8.1885,1.3039,-4.7524,-9.8631,-8.4408,0.0000,0,0.0000,0.0000,1,47.24,1,0.5000,74.1200,1,0.5644,32,1,3,4,4,1,0
16,flights,dark_geolocation,1,geolocation,5.1049,342.5901,2.7918,346.9254,337.1050,342.9019,6.6759,7.2623,17.5688,-2.7151,6.6099,7.2484,0,0.1959,0.1959,1,72.83,1,0.5000,74.1200,1,0.8562,32,1,3,4,4,1,0
16,flights,dark_notification,1,notification,3.2969,359.8744,0.3605,360.4210,359.2572,359.8937,3.0650,0.4520,4.1942,2.3419,3.1561,3.0640,0,0.0000,0.0000,0,55.69,0,1.0000,72.0650,1,0.8113,32,1,3,4,4,1,0
16,flights,dark_travelProtection,1,travelProtection,2.1679,594.4118,2.5836,599.2524,590.3342,594.2197,-9.1264,3.8716,-3.3638,-13.7585,-9.5225,0.0000,0,0.0000,0.0000,1,75.06,0,1.0000,70.7750,1,0.7182,32,1,3,4,4,1,0
16,flights,dark_newsletter,1,newsletter,9.9490,692.9834,36.1206,756.6748,637.5577,690.0341,-6.9208,19.0950,40.3210,-36.2633,-10.9481,5.0401,1,0.1005,0.0000,1,63.56,1,0.0000,78.2300,1,0.8619,32,1,3,4,4,1,0
16,hotels,fair_cookies,0,cookies,1.8489,749.7134,7.9926,763.4821,735.8973,749.7252,-4.0874,3.9407,1.7407,-13.3363,-2.8956,0.0678,0,0.0000,0.0000,1,68.37,0,0.5000,74.1200,1,0.7994,32,1,3,4,4,1,0
16,hotels,fair_geolocation,0,geolocation,3.2350,784.7242,11.3824,802.4833,763.5259,785.5993,31.8556,37.9181,100.2058,-9.8682,3.8223,32.6840,1,0.3091,0.3091,1,66.26,0,0.5000,74.1200,0,0.0000,32,1,3,4,4,1,0
16,hotels,fair_notification,0,notification,0.6111,882.4418,0.7119,883.6412,881.1813,882.4572,12.8267,2.1352,17.1861,9.2813,12.6484,12.8230,0,0.0000,0.0000,1,69.54,0,1.0000,72.0650,1,0.0588,32,1,3,4,4,1,0
16,hotels,fair_travelProtection,0,travelProtection,1.7080,1002.1052,0.7793,1003.3593,1000.6856,1002.1474,17.6366,0.7233,18.8860,16.4267,17.6142,17.6262,0,0.0000,0.0000,1,65.67,0,1.0000,70.7750,1,0.5509,32,1,3,4,4,1,0
16,hotels,fair_newsletter,0,newsletter,7.8680,1000.1444,2.7546,1005.2057,996.1145,999.9968,0.2667,20.7887,23.6388,-50.8999,6.0456,8.8226,1,0.3813,0.3813,0,31.28,0,0.0000,78.2300,1,0.7771,32,1,3,4,4,1,0
17,hotels,dark_cookies,1,cookies,5.1449,194.2484,0.8914,195.8213,192.6757,194.2560,0.1087,2.5123,4.3708,-4.2209,-0.0757,1.1229,0,0.0000,0.0000,1,82.45,1,1.0000,67.7800,1,0.7231,26,1,3,4,4,1,1
17,hotels,dark_geolocation,1,geolocation,7.8710,200.4019,1.8598,203.5871,197.1450,200.4472,1.2268,2.3396,5.4022,-4.1045,1.1269,1.6474,1,0.1270,0.1270,1,56.16,1,1.0000,67.7800,1,0.6101,26,1,3,4,4,1,1
17,hotels,dark_notification,1,notification,10.2220,216.9801,5.7446,227.3722,208.2277,216.3653,0.2258,4.7896,7.3039,-7.4463,0.4111,2.2809,1,0.1957,0.0978,1,100.0,0,1.0000,78.6350,1,0.4720,26,1,3,4,4,1,1
17,hotels,dark_travelProtection,1,travelProtection,7.9110,245.8992,2.4166,249.3507,240.8456,246.2889,1.2101,3.9250,7.2228,-3.6201,-0.6262,2.3771,0,0.1264,0.0000,1,77.99,0,1.0000,73.0600,1,0.8106,26,1,3,4,4,1,1
17,hotels,dark_newsletter,1,newsletter,15.0000,256.9333,1.4368,259.2566,254.2845,256.7223,-0.3261,10.1408,21.6055,-13.4279,-2.4616,4.1024,1,0.1333,0.1333,1,84.68,1,1.0000,75.4100,1,0.4158,26,1,3,4,4,1,1
17,flights,fair_cookies,0,cookies,5.5330,259.2335,3.2170,264.8981,254.1636,259.0569,-2.8197,4.9498,9.3134,-9.2510,-4.2914,1.1871,0,0.0000,0.0000,0,11.09,0,1.0000,67.7800,1,0.7580,26,1,3,4,4,1,1
17,flights,fair_geolocation,0,geolocation,1.6993,268.8748,0.0273,268.9011,268.7921,268.8836,4.1482,0.9386,5.0173,2.5104,4.6212,4.1478,0,0.0000,0.0000,0,1.7,1,1.0000,67.7800,1,0.2680,26,1,3,4,4,1,1
17,flights,fair_notification,0,notification,9.3560,281.1990,0.6922,282.1019,279.8650,281.2483,-1.4418,3.0835,5.9112,-5.8822,-1.3327,0.6628,1,0.1069,0.1069,0,9.33,0,1.0000,78.6350,1,0.4408,26,1,3,4,4,1,1
17,flights,fair_travelProtection,0,travelProtection,4.3810,265.7690,0.9509,267.1505,263.9331,265.8867,1.5015,1.1359,3.7959,0.0951,1.0964,1.5011,0,0.0000,0.0000,0,1.35,0,1.0000,73.0600,1,0.6439,26,1,3,4,4,1,1
17,flights,fair_newsletter,0,newsletter,5.3120,265.7098,0.8832,267.0755,264.1438,265.7662,1.2524,1.1802,3.4785,-1.4436,1.0937,1.3208,0,0.0000,0.1883,0,16.14,0,1.0000,75.4100,1,0.6337,26,1,3,4,4,1,1
18,flights,fair_cookies,0,cookies,3.6329,235.2783,0.1674,235.4694,234.8956,235.3218,7.6445,4.9756,14.5357,-0.1108,7.3154,7.6436,0,0.2753,0.2753,1,33.63,1,1.0000,59.4500,1,0.2535,26,1,3,4,4,0,0
18,flights,fair_geolocation,0,geolocation,15.0000,235.0396,1.8481,240.7299,233.4467,234.3016,-2.2275,5.4283,10.2922,-7.4940,-4.3357,1.5653,1,0.1333,0.1333,1,57.81,0,1.0000,59.4500,0,0.0000,26,1,3,4,4,0,0
18,flights,fair_notification,0,notification,15.0000,253.7896,2.2485,258.7867,251.4996,252.7697,-0.0991,3.1972,8.9291,-6.1577,-0.0997,1.0578,1,0.1333,0.0667,1,32.22,0,1.0000,33.6300,1,0.2279,26,1,3,4,4,0,0
18,flights,fair_travelProtection,0,travelProtection,6.2090,284.8315,2.0084,288.5794,281.7651,284.6615,-0.0764,0.4803,0.9820,-0.9481,0.1895,0.1650,0,0.0000,0.0000,1,60.04,0,1.0000,47.9450,1,0.4578,26,1,3,4,4,0,0
18,flights,fair_newsletter,0,newsletter,15.0000,285.0028,2.0979,288.4339,281.7454,285.2513,-0.6117,3.6420,7.7335,-6.9480,-0.2117,1.1695,1,0.1333,0.1333,1,100.0,1,1.0000,67.4300,1,0.2094,26,1,3,4,4,0,0
18,hotels,dark_cookies,1,cookies,3.3570,268.5633,0.8659,270.2359,267.3170,268.4524,-5.1347,2.4185,2.7671,-7.6085,-5.8802,0.1029,0,0.0000,0.0000,1,37.15,1,1.0000,59.4500,1,0.2481,26,1,3,4,4,0,0
18,hotels,dark_geolocation,1,geolocation,6.2279,273.7697,0.6882,275.0724,272.2429,273.8381,1.1036,6.3345,9.3461,-9.9060,0.9639,3.4299,1,0.1606,0.1606,1,81.16,0,1.0000,59.4500,1,0.1978,26,1,3,4,4,0,0
18,hotels,dark_notification,1,notification,6.5330,276.6947,0.3949,277.9306,276.3615,276.5450,-0.8311,2.0936,2.8604,-7.6882,-1.0516,0.5004,1,0.1531,0.1531,1,71.07,0,1.0000,33.6300,0,0.0000,26,1,3,4,4,0,0
18,hotels,dark_travelProtection,1,travelProtection,5.9900,318.0916,1.9942,321.2304,314.1991,318.2923,2.4360,4.7371,11.6213,-2.7017,-0.2003,3.1239,1,0.1669,0.3339,1,70.83,0,1.0000,47.9450,1,0.7738,26,1,3,4,4,0,0
18,hotels,dark_newsletter,1,newsletter,15.0000,307.2028,1.3163,309.0886,304.1440,307.0765,0.3583,4.3588,8.2622,-5.7280,-0.8690,2.0735,1,0.2000,0.2000,1,100.0,1,1.0000,67.4300,1,0.3915,26,1,3,4,4,0,0
19,hotels,fair_cookies,0,cookies,7.8059,400.8053,5.4611,409.4212,390.8137,401.2075,0.6065,5.1586,7.8733,-10.0041,2.1314,2.5272,0,0.0000,0.0000,0,20.83,0,1.0000,91.9300,1,0.4402,28,1,2,4,4,0,1
19,hotels,fair_geolocation,0,geolocation,9.2674,453.2790,3.5329,462.2580,445.5595,453.6122,-0.3516,32.1765,25.8849,-77.1145,16.1499,12.0289,1,0.1079,0.1079,1,19.42,0,1.0000,91.9300,1,0.0076,28,1,2,4,4,0,1
19,hotels,fair_notification,0,notification,5.6050,548.0306,14.1541,570.9875,522.2245,548.7534,0.9979,8.2105,15.2343,-18.5279,3.0816,3.8524,0,0.0000,0.1784,0,100.0,0,1.0000,54.8700,1,0.5099,28,1,2,4,4,0,1
19,hotels,fair_travelProtection,0,travelProtection,2.8000,544.0628,2.5015,548.0722,539.3649,544.2326,-15.4744,22.3052,20.8838,-40.0503,-19.7798,4.2371,1,0.3571,0.3571,0,12.73,0,1.0000,91.9300,1,0.8050,28,1,2,4,4,0,1
19,hotels,fair_newsletter,0,newsletter,2.7400,556.6074,1.9437,560.2216,553.6246,556.4492,2.7709,20.1565,29.5924,-29.4086,-7.9374,10.7234,1,0.3650,0.0000,0,24.24,0,1.0000,100.0000,1,0.8792,28,1,2,4,4,0,1
19,flights,dark_cookies,1,cookies,9.7410,644.6939,15.9211,660.6105,600.7777,649.8119,22.4016,27.6916,69.7419,-103.7225,23.2642,25.7297,1,0.4106,0.4106,1,100.0,1,1.0000,91.9300,1,0.7520,28,1,2,4,4,0,1
19,flights,dark_geolocation,1,geolocation,1.9657,548.4273,11.3347,567.9829,528.8360,548.4413,58.1296,33.0366,114.7928,11.4092,50.0617,58.1208,1,0.5087,0.5087,0,19.78,0,1.0000,91.9300,1,0.5501,28,1,2,4,4,0,1
19,flights,dark_notification,1,notification,1.9898,441.1678,0.9759,442.8663,439.4748,441.1669,7.2395,5.4029,15.7653,-1.0145,5.5216,7.2722,0,0.0000,0.0000,1,100.0,0,1.0000,54.8700,1,0.7233,28,1,2,4,4,0,1
19,flights,dark_travelProtection,1,travelProtection,2.5070,528.6324,1.5322,530.2970,525.1264,529.0943,11.0065,17.6433,39.0450,-22.1511,10.6895,13.9826,0,0.3989,0.3989,1,100.0,0,1.0000,91.9300,1,0.8740,28,1,2,4,4,0,1
19,flights,dark_newsletter,1,newsletter,11.5550,482.1416,11.8547,509.2435,468.9929,478.9256,-9.2740,23.4746,36.4482,-46.3172,-18.6119,6.6531,1,0.0865,0.0865,1,100.0,1,1.0000,100.0000,1,0.4928,28,1,2,4,4,0,1
20,flights,dark_cookies,1,cookies,3.7839,361.4512,3.1341,366.0904,355.3095,361.8368,4.9112,8.6598,16.5431,-12.1818,5.5726,6.8161,1,0.2643,0.2643,1,58.16,1,1.0000,85.6800,1,0.8687,26,1,2,4,4,1,0
20,flights,dark_geolocation,1,geolocation,5.5829,359.8532,2.9644,365.1452,355.1287,359.6944,-3.8850,3.0686,0.1510,-7.7936,-3.0284,0.0088,0,0.0000,0.0000,0,43.13,1,1.0000,85.6800,1,0.6822,26,1,2,4,4,1,0
20,flights,dark_notification,1,notification,4.2229,352.9150,0.3847,353.3682,352.0993,353.0087,0.9470,1.8741,3.4484,-2.6707,1.4102,1.4184,0,0.0000,0.0000,0,61.21,0,0.5000,91.5800,1,0.6334,26,1,2,4,4,1,0
20,flights,dark_travelProtection,1,travelProtection,5.0796,263.2465,0.5684,264.3972,262.4675,263.1425,-2.1091,2.0632,3.2786,-4.5358,-2.4740,0.3009,0,0.0000,0.0000,0,38.91,0,1.0000,91.5800,1,0.4692,26,1,2,4,4,1,0
20,flights,dark_newsletter,1,newsletter,15.0000,265.5694,1.7155,267.6433,262.1084,265.9061,1.6266,4.2601,11.4264,-9.1411,1.5467,2.5453,1,0.0667,0.0667,1,93.6,1,1.0000,88.2000,1,0.4225,26,1,2,4,4,1,0
20,hotels,fair_cookies,0,cookies,1.5868,361.4964,0.2118,361.8275,361.1037,361.5118,-0.8175,0.3801,-0.2956,-1.3308,-0.8513,0.0000,0,0.0000,0.0000,0,18.37,0,1.0000,85.6800,1,0.7799,26,1,2,4,4,1,0
20,hotels,fair_geolocation,0,geolocation,2.4440,360.4379,0.3720,361.1015,359.8321,360.4226,-4.5021,1.7354,-0.3899,-6.3153,-4.8959,0.0000,0,0.0000,0.0000,0,35.27,0,1.0000,85.6800,0,0.0000,26,1,2,4,4,1,0
20,hotels,fair_notification,0,notification,15.0000,306.4924,6.3009,315.1405,294.0022,307.6125,0.5913,1.6921,4.0814,-4.0855,0.2783,0.8879,1,0.0667,0.0000,0,42.31,0,0.5000,91.5800,1,0.1083,26,1,2,4,4,1,0
20,hotels,fair_travelProtection,0,travelProtection,3.3517,260.7394,0.6160,261.5901,259.5190,260.8317,-0.1596,0.6137,1.6493,-1.1260,-0.2132,0.1722,0,0.0000,0.0000,0,11.68,0,1.0000,91.5800,1,0.3786,26,1,2,4,4,1,0
20,hotels,fair_newsletter,0,newsletter,6.4220,251.7185,1.0812,253.8454,250.1068,251.5839,-0.2119,0.9172,1.4958,-1.1749,-0.5881,0.3289,0,0.0000,0.0000,0,5.22,0,1.0000,88.2000,1,0.8493,26,1,2,4,4,1,0
